[{"game_id": 0, "date": "2015-10-31", "home_team_id": 4, "away_team_id": 10, "score_home": "1", "score_away": "3"}, {"game_id": 1, "date": "2015-10-31", "home_team_id": 6, "away_team_id": 12, "score_home": "0", "score_away": "0"}, {"game_id": 2, "date": "2015-10-31", "home_team_id": 11, "away_team_id": 14, "score_home": "2", "score_away": "1"}, {"game_id": 3, "date": "2015-10-31", "home_team_id": 23, "away_team_id": 42, "score_home": "0", "score_away": "0"}, {"game_id": 4, "date": "2015-10-31", "home_team_id": 45, "away_team_id": 1, "score_home": "0", "score_away": "3"}, {"game_id": 5, "date": "2015-10-31", "home_team_id": 33, "away_team_id": 25, "score_home": "2", "score_away": "0"}, {"game_id": 6, "date": "2015-10-31", "home_team_id": 36, "away_team_id": 26, "score_home": "2", "score_away": "3"}, {"game_id": 7, "date": "2015-11-01", "home_team_id": 7, "away_team_id": 29, "score_home": "6", "score_away": "2"}, {"game_id": 8, "date": "2015-11-01", "home_team_id": 20, "away_team_id": 127, "score_home": "2", "score_away": "0"}, {"game_id": 9, "date": "2015-11-02", "home_team_id": 21, "away_team_id": 2, "score_home": "3", "score_away": "1"}, {"game_id": 10, "date": "2015-11-07", "home_team_id": 127, "away_team_id": 23, "score_home": "0", "score_away": "1"}, {"game_id": 11, "date": "2015-11-07", "home_team_id": 26, "away_team_id": 33, "score_home": "2", "score_away": "1"}, {"game_id": 12, "date": "2015-11-07", "home_team_id": 12, "away_team_id": 36, "score_home": "2", "score_away": "0"}, {"game_id": 13, "date": "2015-11-07", "home_team_id": 14, "away_team_id": 45, "score_home": "1", "score_away": "0"}, {"game_id": 14, "date": "2015-11-07", "home_team_id": 29, "away_team_id": 20, "score_home": "0", "score_away": "1"}, {"game_id": 15, "date": "2015-11-07", "home_team_id": 25, "away_team_id": 7, "score_home": "1", "score_away": "1"}, {"game_id": 16, "date": "2015-11-07", "home_team_id": 42, "away_team_id": 4, "score_home": "1", "score_away": "0"}, {"game_id": 17, "date": "2015-11-08", "home_team_id": 2, "away_team_id": 11, "score_home": "0", "score_away": "0"}, {"game_id": 18, "date": "2015-11-08", "home_team_id": 1, "away_team_id": 21, "score_home": "1", "score_away": "1"}, {"game_id": 19, "date": "2015-11-08", "home_team_id": 10, "away_team_id": 6, "score_home": "1", "score_away": "2"}, {"game_id": 20, "date": "2015-08-14", "home_team_id": 2, "away_team_id": 12, "score_home": "0", "score_away": "1"}, {"game_id": 21, "date": "2015-08-15", "home_team_id": 20, "away_team_id": 7, "score_home": "0", "score_away": "3"}, {"game_id": 22, "date": "2015-08-15", "home_team_id": 21, "away_team_id": 42, "score_home": "2", "score_away": "2"}, {"game_id": 23, "date": "2015-08-15", "home_team_id": 29, "away_team_id": 14, "score_home": "1", "score_away": "3"}, {"game_id": 24, "date": "2015-08-15", "home_team_id": 45, "away_team_id": 23, "score_home": "2", "score_away": "0"}, {"game_id": 25, "date": "2015-08-15", "home_team_id": 33, "away_team_id": 36, "score_home": "0", "score_away": "0"}, {"game_id": 26, "date": "2015-08-15", "home_team_id": 25, "away_team_id": 26, "score_home": "1", "score_away": "2"}, {"game_id": 27, "date": "2015-08-16", "home_team_id": 6, "away_team_id": 1, "score_home": "1", "score_away": "2"}, {"game_id": 28, "date": "2015-08-16", "home_team_id": 11, "away_team_id": 4, "score_home": "3", "score_away": "0"}, {"game_id": 29, "date": "2015-08-17", "home_team_id": 10, "away_team_id": 127, "score_home": "1", "score_away": "0"}, {"game_id": 30, "date": "2015-08-22", "home_team_id": 12, "away_team_id": 23, "score_home": "0", "score_away": "0"}, {"game_id": 31, "date": "2015-08-22", "home_team_id": 6, "away_team_id": 2, "score_home": "2", "score_away": "1"}, {"game_id": 32, "date": "2015-08-22", "home_team_id": 26, "away_team_id": 21, "score_home": "1", "score_away": "1"}, {"game_id": 33, "date": "2015-08-22", "home_team_id": 14, "away_team_id": 42, "score_home": "1", "score_away": "1"}, {"game_id": 34, "date": "2015-08-22", "home_team_id": 29, "away_team_id": 45, "score_home": "1", "score_away": "1"}, {"game_id": 35, "date": "2015-08-22", "home_team_id": 25, "away_team_id": 127, "score_home": "3", "score_away": "4"}, {"game_id": 36, "date": "2015-08-23", "home_team_id": 36, "away_team_id": 4, "score_home": "2", "score_away": "3"}, {"game_id": 37, "date": "2015-08-23", "home_team_id": 7, "away_team_id": 11, "score_home": "0", "score_away": "2"}, {"game_id": 38, "date": "2015-08-23", "home_team_id": 33, "away_team_id": 20, "score_home": "0", "score_away": "0"}, {"game_id": 39, "date": "2015-08-24", "home_team_id": 1, "away_team_id": 10, "score_home": "0", "score_away": "0"}, {"game_id": 40, "date": "2015-08-29", "home_team_id": 23, "away_team_id": 1, "score_home": "0", "score_away": "1"}, {"game_id": 41, "date": "2015-08-29", "home_team_id": 2, "away_team_id": 29, "score_home": "2", "score_away": "2"}, {"game_id": 42, "date": "2015-08-29", "home_team_id": 127, "away_team_id": 26, "score_home": "1", "score_away": "1"}, {"game_id": 43, "date": "2015-08-29", "home_team_id": 4, "away_team_id": 6, "score_home": "1", "score_away": "2"}, {"game_id": 44, "date": "2015-08-29", "home_team_id": 10, "away_team_id": 25, "score_home": "0", "score_away": "3"}, {"game_id": 45, "date": "2015-08-29", "home_team_id": 11, "away_team_id": 33, "score_home": "2", "score_away": "0"}, {"game_id": 46, "date": "2015-08-29", "home_team_id": 42, "away_team_id": 36, "score_home": "0", "score_away": "1"}, {"game_id": 47, "date": "2015-08-29", "home_team_id": 21, "away_team_id": 7, "score_home": "0", "score_away": "0"}, {"game_id": 48, "date": "2015-08-30", "home_team_id": 20, "away_team_id": 14, "score_home": "3", "score_away": "0"}, {"game_id": 49, "date": "2015-08-30", "home_team_id": 45, "away_team_id": 12, "score_home": "2", "score_away": "1"}, {"game_id": 50, "date": "2015-09-12", "home_team_id": 7, "away_team_id": 4, "score_home": "3", "score_away": "1"}, {"game_id": 51, "date": "2015-09-12", "home_team_id": 1, "away_team_id": 42, "score_home": "2", "score_away": "0"}, {"game_id": 52, "date": "2015-09-12", "home_team_id": 6, "away_team_id": 11, "score_home": "0", "score_away": "1"}, {"game_id": 53, "date": "2015-09-12", "home_team_id": 14, "away_team_id": 127, "score_home": "3", "score_away": "1"}, {"game_id": 54, "date": "2015-09-12", "home_team_id": 33, "away_team_id": 45, "score_home": "1", "score_away": "0"}, {"game_id": 55, "date": "2015-09-12", "home_team_id": 36, "away_team_id": 20, "score_home": "0", "score_away": "0"}, {"game_id": 56, "date": "2015-09-12", "home_team_id": 12, "away_team_id": 10, "score_home": "3", "score_away": "1"}, {"game_id": 57, "date": "2015-09-13", "home_team_id": 29, "away_team_id": 21, "score_home": "0", "score_away": "1"}, {"game_id": 58, "date": "2015-09-13", "home_team_id": 26, "away_team_id": 2, "score_home": "3", "score_away": "2"}, {"game_id": 59, "date": "2015-09-14", "home_team_id": 25, "away_team_id": 23, "score_home": "2", "score_away": "0"}, {"game_id": 60, "date": "2015-09-19", "home_team_id": 4, "away_team_id": 1, "score_home": "2", "score_away": "0"}, {"game_id": 61, "date": "2015-09-19", "home_team_id": 2, "away_team_id": 36, "score_home": "0", "score_away": "1"}, {"game_id": 62, "date": "2015-09-19", "home_team_id": 127, "away_team_id": 29, "score_home": "2", "score_away": "0"}, {"game_id": 63, "date": "2015-09-19", "home_team_id": 23, "away_team_id": 33, "score_home": "1", "score_away": "2"}, {"game_id": 64, "date": "2015-09-19", "home_team_id": 42, "away_team_id": 26, "score_home": "2", "score_away": "2"}, {"game_id": 65, "date": "2015-09-19", "home_team_id": 45, "away_team_id": 7, "score_home": "0", "score_away": "0"}, {"game_id": 66, "date": "2015-09-19", "home_team_id": 11, "away_team_id": 25, "score_home": "1", "score_away": "2"}, {"game_id": 67, "date": "2015-09-20", "home_team_id": 21, "away_team_id": 6, "score_home": "1", "score_away": "0"}, {"game_id": 68, "date": "2015-09-20", "home_team_id": 10, "away_team_id": 14, "score_home": "1", "score_away": "1"}, {"game_id": 69, "date": "2015-09-20", "home_team_id": 20, "away_team_id": 12, "score_home": "2", "score_away": "3"}, {"game_id": 70, "date": "2015-09-26", "home_team_id": 21, "away_team_id": 11, "score_home": "4", "score_away": "1"}, {"game_id": 71, "date": "2015-09-26", "home_team_id": 26, "away_team_id": 1, "score_home": "2", "score_away": "5"}, {"game_id": 72, "date": "2015-09-26", "home_team_id": 10, "away_team_id": 2, "score_home": "3", "score_away": "2"}, {"game_id": 73, "date": "2015-09-26", "home_team_id": 12, "away_team_id": 29, "score_home": "3", "score_away": "0"}, {"game_id": 74, "date": "2015-09-26", "home_team_id": 20, "away_team_id": 45, "score_home": "3", "score_away": "1"}, {"game_id": 75, "date": "2015-09-26", "home_team_id": 42, "away_team_id": 127, "score_home": "2", "score_away": "1"}, {"game_id": 76, "date": "2015-09-26", "home_team_id": 25, "away_team_id": 14, "score_home": "2", "score_away": "2"}, {"game_id": 77, "date": "2015-09-26", "home_team_id": 23, "away_team_id": 4, "score_home": "2", "score_away": "2"}, {"game_id": 78, "date": "2015-09-27", "home_team_id": 33, "away_team_id": 6, "score_home": "0", "score_away": "1"}, {"game_id": 79, "date": "2015-09-28", "home_team_id": 36, "away_team_id": 7, "score_home": "2", "score_away": "3"}, {"game_id": 80, "date": "2015-10-17", "home_team_id": 21, "away_team_id": 10, "score_home": "0", "score_away": "0"}, {"game_id": 81, "date": "2015-10-17", "home_team_id": 4, "away_team_id": 2, "score_home": "2", "score_away": "0"}, {"game_id": 82, "date": "2015-10-17", "home_team_id": 6, "away_team_id": 25, "score_home": "1", "score_away": "3"}, {"game_id": 83, "date": "2015-10-17", "home_team_id": 7, "away_team_id": 12, "score_home": "0", "score_away": "3"}, {"game_id": 84, "date": "2015-10-17", "home_team_id": 11, "away_team_id": 127, "score_home": "5", "score_away": "1"}, {"game_id": 85, "date": "2015-10-17", "home_team_id": 20, "away_team_id": 26, "score_home": "2", "score_away": "2"}, {"game_id": 86, "date": "2015-10-17", "home_team_id": 36, "away_team_id": 29, "score_home": "1", "score_away": "0"}, {"game_id": 87, "date": "2015-10-17", "home_team_id": 33, "away_team_id": 1, "score_home": "0", "score_away": "3"}, {"game_id": 88, "date": "2015-10-18", "home_team_id": 23, "away_team_id": 14, "score_home": "6", "score_away": "2"}, {"game_id": 89, "date": "2015-10-19", "home_team_id": 45, "away_team_id": 42, "score_home": "0", "score_away": "1"}, {"game_id": 90, "date": "2015-10-24", "home_team_id": 2, "away_team_id": 45, "score_home": "1", "score_away": "2"}, {"game_id": 91, "date": "2015-10-24", "home_team_id": 26, "away_team_id": 6, "score_home": "1", "score_away": "0"}, {"game_id": 92, "date": "2015-10-24", "home_team_id": 14, "away_team_id": 36, "score_home": "0", "score_away": "1"}, {"game_id": 93, "date": "2015-10-24", "home_team_id": 42, "away_team_id": 33, "score_home": "0", "score_away": "2"}, {"game_id": 94, "date": "2015-10-24", "home_team_id": 25, "away_team_id": 4, "score_home": "2", "score_away": "1"}, {"game_id": 95, "date": "2015-10-24", "home_team_id": 1, "away_team_id": 7, "score_home": "2", "score_away": "1"}, {"game_id": 96, "date": "2015-10-25", "home_team_id": 29, "away_team_id": 23, "score_home": "3", "score_away": "0"}, {"game_id": 97, "date": "2015-10-25", "home_team_id": 127, "away_team_id": 21, "score_home": "1", "score_away": "5"}, {"game_id": 98, "date": "2015-10-25", "home_team_id": 12, "away_team_id": 11, "score_home": "0", "score_away": "0"}, {"game_id": 99, "date": "2015-10-25", "home_team_id": 10, "away_team_id": 20, "score_home": "1", "score_away": "1"}, {"game_id": 100, "date": "2015-10-03", "home_team_id": 6, "away_team_id": 36, "score_home": "2", "score_away": "0"}, {"game_id": 101, "date": "2015-10-03", "home_team_id": 2, "away_team_id": 42, "score_home": "0", "score_away": "1"}, {"game_id": 102, "date": "2015-10-03", "home_team_id": 127, "away_team_id": 33, "score_home": "1", "score_away": "1"}, {"game_id": 103, "date": "2015-10-03", "home_team_id": 11, "away_team_id": 23, "score_home": "6", "score_away": "1"}, {"game_id": 104, "date": "2015-10-03", "home_team_id": 14, "away_team_id": 26, "score_home": "1", "score_away": "2"}, {"game_id": 105, "date": "2015-10-03", "home_team_id": 29, "away_team_id": 25, "score_home": "2", "score_away": "2"}, {"game_id": 106, "date": "2015-10-03", "home_team_id": 4, "away_team_id": 20, "score_home": "1", "score_away": "3"}, {"game_id": 107, "date": "2015-10-04", "home_team_id": 7, "away_team_id": 10, "score_home": "1", "score_away": "1"}, {"game_id": 108, "date": "2015-10-04", "home_team_id": 1, "away_team_id": 12, "score_home": "3", "score_away": "0"}, {"game_id": 109, "date": "2015-10-04", "home_team_id": 45, "away_team_id": 21, "score_home": "2", "score_away": "2"}]